,Unnamed: 0,Algorithm,ProofType,TotalCoinsMined,TotalCoinSupply,PC 1,PC 2,PC 3,class
0,42,Scrypt,PoW/PoS,41.99995383,42.0,,,,
1,404,Scrypt,PoW/PoS,1055184902.04,532000000.0,,,,
2,1337,X13,PoW/PoS,29279424622.5027,314159265359.0,,,,
3,BTC,SHA-256,PoW,17927175.0,21000000.0,,,,
4,ETH,Ethash,PoW,107684222.6865,0.0,,,,
5,LTC,Scrypt,PoW,63039243.3000049,84000000.0,,,,
6,DASH,X11,PoW/PoS,9031294.37563393,22000000.0,,,,
7,XMR,CryptoNight-V7,PoW,17201143.1449131,0.0,,,,
8,ETC,Ethash,PoW,113359703.0,210000000.0,,,,
9,ZEC,Equihash,PoW,7383056.25,21000000.0,,,,
10,BTS,SHA-512,PoS,2741570000.0,3600570502.0,,,,
11,DGB,Multiple,PoW,11406219141.0,21000000000.0,,,,
12,BTCD,SHA-256,PoW/PoS,1288862.0,22000000.0,,,,
13,XPY,SHA-256,PoS,11995334.8847328,12500000.0,,,,
14,PRC,Scrypt,PoW,5768310.0,21000000.0,,,,
15,KOBO,X15,PoW/PoS,25542535.5881841,350000000.0,,,,
16,SPR,X11,PoW,11149733.9976203,20000000.0,,,,
17,ARG,Scrypt,PoW,12205795.4449549,64000000.0,,,,
18,AUR,Scrypt,PoW/PoS,18135099.992959,16768584.0,,,,
19,BLU,Scrypt,PoW/PoS,635423900.0,0.0,,,,
20,XMY,Multiple,PoW,1688254250.0,2000000000.0,,,,
21,MOON,Scrypt,PoW,88.0,384000000000.0,,,,
22,ZET,SHA-256,PoW,170204389.754849,169795588.0,,,,
23,SXC,Scrypt,PoW,128940951.183046,250000000.0,,,,
24,QTL,Scrypt,PoW,7357794.7925,100000000.0,,,,
25,ENRG,Scrypt,PoW/PoS,123062801.128773,0.0,,,,
26,QRK,Quark,PoW,259557164.91477,247000000.0,,,,
27,RIC,Groestl,PoW,49548585.1412917,84000000.0,,,,
28,DGC,Scrypt,PoW,33442988.3440364,48166000.0,,,,
29,BTB,Scrypt,PoW/PoS,42579.476901,500000.0,,,,
30,CAT,Scrypt,PoW,7219956.64626131,21000000.0,,,,
31,CBX,Scrypt,PoW/PoS,1039116.65144562,1000000.0,,,,
32,CCN,Scrypt,PoW,4703879.51824446,13140000.0,,,,
33,CRYPT,X11,PoW,4996986.20575291,18000000.0,,,,
34,CSC,Scrypt,PoC,39999997299.8568,40000000000.0,,,,
35,DMD,Groestl,PoW/PoS,3304487.74735637,4380000.0,,,,
36,XVG,Multiple,PoW,15929530669.1206,16555000000.0,,,,
37,DVC,SHA-256,PoW,18773857500.0,21000000000.0,,,,
38,EAC,Scrypt,PoW,12539015186.822,13500000000.0,,,,
39,EFL,Scrypt,PoW,20910478.8062499,21000000.0,,,,
40,EMC2,Scrypt,PoW,218871896.499999,299792458.0,,,,
41,EMD,Scrypt,PoW,19496786.31025,32000000.0,,,,
42,EXCL,PoS,PoS,5679705.0,0.0,,,,
43,FLT,Scrypt,PoS/PoW/PoT,461829905.32893,0.0,,,,
44,FRK,Scrypt,PoW,1142732.14912776,11235813.0,,,,
45,FTC,NeoScrypt,PoW,208669093.00773,336000000.0,,,,
46,GDC,Scrypt,PoW,884125802.0,1420609614.0,,,,
47,GLC,Scrypt,PoW,65672720.4708748,70000000.0,,,,
48,GLD,Scrypt,PoW,41658647.9999715,72245700.0,,,,
49,HBN,Scrypt,PoW/PoS,89266933.684704,120000000.0,,,,
50,HYP,X11,PoS,1678520090.7713,0.0,,,,
51,IFC,Scrypt,PoW,90595753018.6314,90600000000.0,,,,
52,IOC,X11,PoW/PoS,17650913.9743456,22000000.0,,,,
53,IXC,SHA-256,PoW,21089348.999,21000000.0,,,,
54,KGC,Scrypt,PoW,151447649.8,265420800.0,,,,
55,LKY,Scrypt,PoW,19326319.14375,20000000.0,,,,
56,LTB,Scrypt,PoW,1104344.22938102,1350000.0,,,,
57,MAX,SHA3,PoW/PoS,61445805.0,100000000.0,,,,
58,MEC,Scrypt,PoW,38151999.9930997,42000000.0,,,,
59,MED,HybridScryptHash256,PoW,40431856.9,200000000.0,,,,
60,MINT,Scrypt,PoS,21293925445.4969,0.0,,,,
61,MINC,Scrypt,PoW,5804204.88794916,10000000.0,,,,
62,MZC,SHA-256,PoW/PoS,1613836099.99999,2419200000.0,,,,
63,NAUT,Scrypt,PoS,16180000.0,16180000.0,,,,
64,NAV,X13,PoW/PoS,66087096.2077108,0.0,,,,
65,NOBL,Scrypt,PoW,2366066305.76482,15000000000.0,,,,
66,NMC,SHA-256,PoW,14736400.0,21000000.0,,,,
67,NYAN,Scrypt,PoW,334709223.483138,337000000.0,,,,
68,OPAL,X13,PoW/PoS,15156364.3306548,0.0,,,,
69,ORB,NeoScrypt,PoW/PoS,3220616.279225,3770000.0,,,,
70,POT,Scrypt,PoW/PoS,222677226.014206,420000000.0,,,,
71,PXC,Scrypt,PoW/PoS,73959274.625,98000000.0,,,,
72,RDD,Scrypt,PoW/PoS,29315567169.0888,0.0,,,,
73,RPC,Scrypt,PoW,1104157.42169891,21000000.0,,,,
74,SBC,Scrypt,PoW,24215181.725,250000000.0,,,,
75,SMC,Scrypt,PoW,25593737.1355044,51200000.0,,,,
76,SUPER,X11,PoS,50707661.7493518,0.0,,,,
77,SYNC,X11,PoW/PoS,1177.0,1000.0,,,,
78,SYS,SHA-256,PoW,563336541.299966,888000000.0,,,,
79,TES,Multiple,PoS,80260463.7331396,100000000.0,,,,
80,TGC,SHA-256,PoW,43536800.0,47011968.0,,,,
81,TIT,PHI1612,PoS,1622326490.46336,2300000000.0,,,,
82,TOR,X11,PoW/PoS,1431851.00002479,10000000.0,,,,
83,TRC,SHA-256,PoW,22935396.0,42000000.0,,,,
84,UNB,SHA-256,PoW,2278150.0,80000000.0,,,,
85,UNO,SHA-256,PoW,200911.79151896,250000.0,,,,
86,URO,X11,PoW,1207310.0,0.0,,,,
87,USDE,Scrypt,PoW/PoS,1098952592.6,1600000000.0,,,,
88,UTC,Scrypt,PoW/PoS,50235211.141939,100000000.0,,,,
89,VIA,Scrypt,PoW,23150892.1679687,23000000.0,,,,
90,VRC,Scrypt,PoST,32021108.4136696,0.0,,,,
91,VTC,Lyra2REv2,PoW,51173723.8166347,84000000.0,,,,
92,WDC,Scrypt,PoW,119606941.0,265420800.0,,,,
93,XC,X11,PoW/PoS,6950831.0970606,5500000.0,,,,
94,XCR,Multiple,PoS,100000000.0,0.0,,,,
95,XJO,SHA-256,PoW,39195739.362088,45000000.0,,,,
96,XST,X13,PoW/PoS,33093725.4123502,0.0,,,,
97,ZCC,Scrypt,PoW/PoS,147990237.978331,1000000000.0,,,,
98,BCN,CryptoNight,PoW,184066828814.0,184467440735.0,,,,
99,XDN,CryptoNight,PoW,6906587610.38292,10000000000.0,,,,
100,BURST,Shabal256,PoC,1813033920.0,2158812800.0,,,,
101,SJCX,Counterparty,PoS,51173144.0,500000000.0,,,,
102,MONA,Scrypt,PoW,68194674.8711679,105120000.0,,,,
103,NTRN,SHA-256,PoW/PoS,39121694.0,68000000.0,,,,
104,FAIR,Groestl,PoW/PoS,53193831.0,0.0,,,,
105,NLG,Scrypt,PoW,415032420.0,1680000000.0,,,,
106,RBY,Scrypt,PoS,27184490.3918338,0.0,,,,
107,PTC,Scrypt,PoW,137517654.41397,166386000.0,,,,
108,KORE,X13,PoW/PoS,2022464.886973,12000000.0,,,,
109,WBB,Scrypt,PoW,181919.2435974,2628000.0,,,,
110,NOTE,Scrypt,PoS,174646113.934655,500000000.0,,,,
111,FLO,Scrypt,PoW,152270664.860648,160000000.0,,,,
112,8BIT,Scrypt,PoW/PoS,1467841.0,0.0,,,,
113,STV,X13,PoW/PoS,7096834.0,10000000.0,,,,
114,ABY,Scrypt,PoW,792537250.0,1000000000.0,,,,
115,FLDC,Stanford Folding,PoW,719416990.0,1000000000.0,,,,
116,U,X11,PoS,2689812.0,20000000.0,,,,
117,UIS,Multiple,PoW,65113302.0,0.0,,,,
118,CYP,QuBit,PoW,6365285.0,0.0,,,,
119,OMC,Scrypt,PoW,10140044.4430293,3371337.0,,,,
120,VTR,Scrypt,PoW/PoS,11604722.0,20000000.0,,,,
121,GRE,Scrypt,PoW,4610340640.89,10000000000.0,,,,
122,XCN,M7 POW,PoW,708506520.0,1840000000.0,,,,
123,MSC,Scrypt,PoW,619478.0,619478.0,,,,
124,SOON,SHA-256,PoW,12462620.0,21000000.0,,,,
125,1CR,Scrypt,PoW,88213.0,92000000000.0,,,,
126,ISL,X11,PoW/PoS,1513704.0,0.0,,,,
127,NXS,SHA3,PoW/nPoS,63657220.0,78000000.0,,,,
128,MARS,X11,PoW,32221574.820996,33000000.0,,,,
129,CTO,Lyra2RE,PoW,13742738.0,65789100.0,,,,
130,ACP,SHA-256,PoW,14747200.0002,53760000.0,,,,
131,DRZ,QUAIT,PoW/PoS,8568038.35935056,5060000.0,,,,
132,BSC,X11,PoW,15863837.5,21000000.0,,,,
133,SQL,X11,PoS/PoW,329200.01639,0.0,,,,
134,SONG,Scrypt,PoW,32565300.0,210240000.0,,,,
135,ZNY,Scrypt,PoW,75614500.0,250000000.0,,,,
136,DIGS,Scrypt,PoS,100000000.0,100000000.0,,,,
137,EXP,Ethash,PoW,10495278.0,16906397.0,,,,
138,CON,X13,PoW/PoS,23042604.0,50000000.0,,,,
139,SC,Blake2b,PoW,33098296530.0,0.0,,,,
140,EMC,SHA-256,PoW/PoS,43059794.804778,1000000000.0,,,,
141,EGC,X15,PoW/PoS,13530556.4180753,26298000.0,,,,
142,MND,X11,PoW,15867695.0,16000000.0,,,,
143,I0C,SHA-256,PoW,20997476.8650231,21000000.0,,,,
144,DCR,BLAKE256,PoW/PoS,10365046.9281661,21000000.0,,,,
145,RVR,Scrypt,PoW,210000000.0,210000000.0,,,,
146,HODL,1GB AES Pattern Search,PoW,11448949.0,81962100.0,,,,
147,EDRC,SHA-256,PoW/PoS,3669691.84494672,22000000.0,,,,
148,HTC,X11,PoW/PoS,10996318099.0,26550000000.0,,,,
149,GAME,Scrypt,PoW,69836100.0,84000000.0,,,,
150,DBIC,SHA-256,PoW/PoS,5129014.0,10500000.0,,,,
151,DIEM,SHA-256,PoW,21739971929.0,21626280000.0,,,,
152,PWR,NIST5,PoW/PoS,10069449031.9252,0.0,,,,
153,BLRY,Scrypt,PoW/PoS,8998743.2411911,42000000.0,,,,
154,GPU,Scrypt,PoS,40477042.0,221052632.0,,,,
155,ADZ,X11,PoW,45110324.0,84000000.0,,,,
156,SOIL,Dagger,PoW,5702048.0,30000000.0,,,,
157,YOC,Scrypt,PoW,636462.55983338,168351300.0,,,,
158,SIB,X11GOST,PoW,17263355.0,24000000.0,,,,
159,ERC,X11,PoW/PoS,10407269.7881868,384000000.0,,,,
160,ZEIT,Scrypt,PoS,36971236046.8073,99000000000.0,,,,
161,SWING,SHA-256,PoW/PoS,4377081.60953993,40000000.0,,,,
162,SAFEX,Scrypt,PoC,2147483647.0,2147483647.0,,,,
163,NEBU,PoS,PoS,20000000.0,20000000.0,,,,
164,FRN,Scrypt,PoW,6570807.65677618,20000000.0,,,,
165,BOLI,X11,PoW,13654082.4987998,25000000.0,,,,
166,XRA,X11,PoW/PoS,134554941.15119,75000000.0,,,,
167,REV,SHA-256,PoW/PoS,1195525.0,222725000.0,,,,
168,CKC,SHA-256,PoW/PoS,16662820.0,525000000.0,,,,
169,VIP,NIST5,PoW/PoS,83450403.0,90000000.0,,,,
170,BSD,X11,PoW/PoS,24387724.5010828,139000000.0,,,,
171,OMNI,Scrypt,PoW,616448.0,616448.0,,,,
172,LIR,POS 3.0,PoS,38589808.6658096,33500000.0,,,,
173,PUT,Scrypt,PoW/PoS,813092338.575672,2000000000.0,,,,
174,IBANK,Scrypt,PoW/PoS,4526324.0,44333333.0,,,,
175,FRWC,Scrypt,PoW/PoS,100000000.0,100000000.0,,,,
176,MUDRA,X13,PoS,5000000.0,200000000.0,,,,
177,PIZZA,X11,PoW,1377917.0,25000000.0,,,,
178,LC,X11,PoS,657000000.0,657000000.0,,,,
179,KMD,Equihash,dPoW/PoW,115898131.0,200000000.0,,,,
180,GB,X11,PoW/PoS,15563873.0,50000000.0,,,,
181,CTC,Scrypt,PoW/PoS,43165500.0,90000000.0,,,,
182,KRB,CryptoNight,PoW,7822432.72439746,10000000.0,,,,
183,BXT,SHA-256,PoW/PoS,595429.0,21000000.0,,,,
184,ZYD,SHA-256,PoW,6243840.0,9736000.0,,,,
185,MST,X11,PoW/PoS,657636.34549789,3000000.0,,,,
186,ZNE,Scrypt,PoW/PoS,2581970.0,21000000.0,,,,
187,COVAL,Multiple,PoW,1000000000.0,1200000000.0,,,,
188,ROOT,Scrypt,PoW/PoS,1939889.0,0.0,,,,
189,DOPE,Scrypt,PoW,116845228.0,200000000.0,,,,
190,BTCR,Scrypt,PoS,169598616.0,0.0,,,,
191,DLC,SHA-256,PoW,9106714.0,10638298.0,,,,
192,SCN,Scrypt,PoW/PoW,665200057.0,3100000000.0,,,,
193,SH,Scrypt,PoW,11119200.0,30000000.0,,,,
194,BUZZ,SHA-256D,PoW/PoS,19577787259.0,20000000000.0,,,,
195,XPO,PoS,PoS,74033806.7949683,74000000.0,,,,
196,PSB,Scrypt,PoW/PoS,33522957.0,0.0,,,,
197,HALLO,X11,PoW/PoS,264678458.288619,1500000000.0,,,,
198,XZC,Lyra2Z,PoW,7568281.24956067,21400000.0,,,,
199,CFC,PoS,PoS,148716816.0,39999898.0,,,,
200,ROYAL,X13,PoS,2500124.0,2500124.0,,,,
201,GNJ,X14,PoW/PoS,100000000.0,100000000.0,,,,
202,TEAM,PoS,PoS,17818682.1654,301000000.0,,,,
203,LANA,SHA-256D,PoW/PoS,1082162635.53683,7506000000.0,,,,
204,ELE,Ethash,PoW,26205539.0,26205539.0,,,,
205,ZCL,Equihash,PoW,5613550.0,21000000.0,,,,
206,ARK,DPoS,DPoS,108202084.0,125000000.0,,,,
207,INSANE,X11,PoW/PoS,18342813.0,30000000.0,,,,
208,KLC,Scrypt,PoW,196297971.0,10000000000.0,,,,
209,ATX,X11,PoW,824000000.0,500000000.0,,,,
210,EMB,X13,PoW/PoS,92192822723.0,850000000.0,,,,
211,XEN,X11,PoW/PoS,3853326.77707314,3853326.77707314,,,,
212,FRE,PoS,PoS,50000000.0,50000000.0,,,,
213,PLNC,Scrypt,PoW/PoS,17089600.0,38540000.0,,,,
214,ARCO,Scrypt,PoW/PoS,2449577.41533168,42000000.0,,,,
215,KURT,X11,PoW,61364813.0,228000000.0,,,,
216,XCRE,PoS,PoS,20000000.0,20000000.0,,,,
217,ENT,X11,PoW/PoS,6069482.07721352,60000000.0,,,,
218,EUC,SHA-256,PoW/PoS,12416554.0,20000000.0,,,,
219,BCF,Scrypt,PoW/PoS,20244023.640728,33000000.0,,,,
220,XSN,X11,TPoS,75590369.0,76500000.0,,,,
221,BCCOIN,Scrypt,PoW/PoS,11080722.3769581,28000000.0,,,,
222,MONEY,Scrypt,PoW/PoS,10914418.0,650659833.0,,,,
223,XNG,X11,PoW/PoS,814671.0,5000000.0,,,,
224,XCI,CryptoNight,PoW,978145.0,21000000.0,,,,
225,RC,Scrypt,PoW/PoS,8377873.0,144000000.0,,,,
226,PND,Scrypt,PoS,33813143821.8337,32514916898.0,,,,
227,UNITS,Scrypt,PoW/PoS,3472983.0,13000000.0,,,,
228,GAKH,Scrypt,PoW/PoS,3315789.0,3315789.0,,,,
229,ASAFE2,Quark,PoS,10517772.7391666,15000000.0,,,,
230,LTCR,QuBit,PoW/PoS,30227750.0,78835200.0,,,,
231,OS76,Scrypt,PoW,894026.0,2714286.0,,,,
232,BIC,CryptoNight,PoW,9357088.0,25000000.0,,,,
233,HXX,Lyra2RE,PoW,1876146.443596,9999999.0,,,,
234,KED,Scrypt,PoW/PoS,23965372.0,500000000.0,,,,
235,IOP,SHA-256,PoW/PoS,2526078.47525448,21000000.0,,,,
236,KUSH,X11,PoW/PoS,5659096.95728771,9354000.0,,,,
237,PRX,Scrypt,PoW/PoS,11821728.0,20000000.0,,,,
238,PAC,X11,PoW,536982074.0,100000000000.0,,,,
239,IMPCH,Scrypt,PoW/PoS,308179.0,21933333.0,,,,
240,CTL,CryptoNight-V7,PoW,10969318.522954,185000000.0,,,,
241,ZBC,Scrypt,PoS,2922613.96424908,55000000.0,,,,
242,FRST,Scrypt,PoW/PoS ,110000000.0,110000000.0,,,,
243,BVC,Scrypt,PoW,3115258.0,3360000.0,,,,
244,FIND,X13,PoS,14524851.4827,14524851.4827,,,,
245,VLTC,X11,PoW,30385540.0,1000000000.0,,,,
246,ZER,Equihash,PoW,6921653.89980891,17000000.0,,,,
247,CHAT,Scrypt,PoW/PoS,1000000000.0,1000000000.0,,,,
248,CDN,Scrypt,PoW,99843408.3158479,100000000.0,,,,
249,ZOI,Lyra2RE,PoW,18545757.5,21000000.0,,,,
250,RNS,Scrypt,PoS,36050365.0,34426423.0,,,,
251,DBIX,Dagger-Hashimoto,PoW,2232901.0,2232901.0,,,,
252,XVP,X11,PoW/PoS,13162749.0858027,100000000.0,,,,
253,TAJ,Blake2S,PoW/PoS,12184195.9258495,36900000.0,,,,
254,IMX,X11,PoW/PoS,110630387.850471,110000000.0,,,,
255,EB3,Scrypt,PoW,64096052.0,4000000000.0,,,,
256,ATMOS,PoS,PoS,111135836.889,110290030.0,,,,
257,HPC,X11,PoW/PoS,21521322.0099142,100000000.0,,,,
258,CXT,NIST5,PoW,10123200.0,48252000.0,,,,
259,MCRN,PoS,PoS,401421401.0,400000000.0,,,,
260,RAIN,X11,PoW/PoS,121665451.643876,500000000.0,,,,
261,IMS,Scrypt,PoW/PoS,5368934.0,21212121.0,,,,
262,ARGUS,Scrypt,PoW/PoS,1148324.0,28600000.0,,,,
263,LMC,Scrypt,PoW/PoS,500000.0,1000000000.0,,,,
264,PROC,SHA-256,PoS,100545745.0,75000000000.0,,,,
265,XGR,X11,PoW/PoS,17171382.0,40000000.0,,,,
266,BENJI,Scrypt,PoW,20276099.146524,35520400.0,,,,
267,GRW,Scrypt,PoS,295135466.361878,2000000000.0,,,,
268,ILC,SHA-256,PoW,1317747500.0,2500000000.0,,,,
269,PHR,PoS,PoS,11390225.9742772,30000000.0,,,,
270,DEA,Scrypt,PoW/PoS,21358764.0,105000000.0,,,,
271,HTML5,X15,PoW/PoS,40659020000.0,90000000000.0,,,,
272,USC,SHA-256,PoS,10343113.0,200084200.0,,,,
273,EQT,Scrypt,PoW,13673406.4325268,72000000.0,,,,
274,QTUM,POS 3.0,PoS,100000000.0,100000000.0,,,,
275,QRL,CryptoNight-V7,PoW,69036016.8340164,105000000.0,,,,
276,ESP,536,PoW/PoS,22801882871.0,50000000000.0,,,,
277,DYN,Argon2d,PoW,19784224.6512734,0.0,,,,
278,NANO,Blake2b,PoW,133248297.0,340282367.0,,,,
279,CHAN,Cloverhash,PoW,18407259.0885883,30000000.0,,,,
280,DCY,CryptoNight,PoW,1809467143.0,2000000000.0,,,,
281,DNR,NIST5,PoW/PoS,4171382.0,10000000.0,,,,
282,DP,X11,PoW,35138975.0,100000000.0,,,,
283,VUC,NIST5,PoW/PoS,62942075.0,120000000.0,,,,
284,BTPL,Skein,PoW/PoS,6804362.0,100000000.0,,,,
285,UNIFY,Scrypt,PoW,18133195.0,19276800.0,,,,
286,BRIT,X13,PoW/PoS,21268092.0,30000000.0,,,,
287,SOCC,Scrypt,PoW,5167775.0,75000000.0,,,,
288,ARC,X11,PoW,26042364.3735553,60000000.0,,,,
289,DAS,X11,PoW,2622886.0,18900000.0,,,,
290,LINDA,Scrypt,PoW/PoS,9044930943.24243,50000000000.0,,,,
291,XLC,CryptoNight,PoW,14161803.0,54000000.0,,,,
292,ONION,X13,PoW/PoS,21917018.0492836,18898187.6216583,,,,
293,BTX,Time Travel,PoW,17801865.1605478,21000000.0,,,,
294,GCN,Scrypt,PoW,163055097500.0,200000000000.0,,,,
295,SMART,Keccak,PoW,2241009149.22257,5000000000.0,,,,
296,SIGT,SkunkHash v2 Raptor,PoS,107972766.0,137500000.0,,,,
297,ONX,X11,PoW,122475638.389743,1100000000.0,,,,
298,CRM,Skein,PoW/PoS,47331802.4774238,100000000.0,,,,
299,BCH,SHA-256,PoW,17995589.6469082,21000000.0,,,,
300,XMCC,X11,PoW/PoS,12569262.5359307,9507271.0,,,,
301,DFT,Scrypt,PoS,18663297.3489799,17405891.19707116,,,,
302,VET,VeChainThor Authority,Proof of Authority,55454734800.0,86712634466.0,,,,
303,SOJ,Scrypt,PoW,485214.0,10500000000.0,,,,
304,STCN,PoS,PoS,4000000.0,61599965.0,,,,
305,NYC,Scrypt,PoW,143006669741.687,0.0,,,,
306,FRAZ,Scrypt,PoW,9704042.0,20000000.0,,,,
307,KRONE,Scrypt,PoW,17453749.4042601,84000000.0,,,,
308,ACC,Scrypt,PoW,32646731.063036,100000000.0,,,,
309,LINX,Scrypt,PoW,33716526.0,100000000.0,,,,
310,XCXT,Scrypt,PoW/PoS,19539588.0,48252000.0,,,,
311,ETHD,Scrypt,PoW/PoS,4200000.0,4200000.0,,,,
312,SUMO,CryptoNight,PoW,8946653.0,88888888.0,,,,
313,ODN,SHA-512,PoS,25000000.0,91388946.0,,,,
314,ADA,Ouroboros,PoS,25927070538.0,45000000000.0,,,,
315,REC,X11,PoW/PoS,7262402.04264803,27000000.0,,,,
316,BTCZ,Equihash,PoW,5211553258.01514,21000000000.0,,,,
317,TZC,NeoScrypt,PoW/PoS,182638400.0,400000000.0,,,,
318,ELM,X11,PoW,2702855668.85288,1800000000.0,,,,
319,TER,Scrypt,PoW/PoS,1140734.91680375,15733333.0,,,,
320,VIVO,NeoScrypt,PoW,4165967.57499639,27000000.0,,,,
321,RUP,Lyra2REv2,PoS,24000000.0,24000000.0,,,,
322,BTG,Equihash,PoW,17202361.088994,21000000.0,,,,
323,WOMEN,Scrypt,PoW/PoS,48459472454.0,25000000000.0,,,,
324,MAY,SHA-256,PoW/PoS,92050800.0,100000000.0,,,,
325,NAMO,NIST5,PoW/PoS,560563220.0,1200000000.0,,,,
326,LUX,PHI1612,PoW/PoS,8305775.31777569,60000000.0,,,,
327,PIRL,Dagger,PoW,33986980.0,156306732.71,,,,
328,XIOS,Scrypt,PoW/PoS,2149688.0,21000000.0,,,,
329,BTDX,Quark,PoW/PoS,30711550.5294042,200000000.0,,,,
330,EBST,Scrypt,PoW,99990001.493466,100000000.0,,,,
331,KEK,POS 2.0,PoS,12330806.30517,21000000.0,,,,
332,BLHC,Scrypt,PoW/PoS,16362544.992,14788275.991,,,,
333,XIN,SHA-256,PoS,8999999990.0,9000000000.0,,,,
334,PURA,X11,PoW,175215859.0,350000000.0,,,,
335,INN,NeoScrypt,PoW,6375259.04,45000000.0,,,,
336,ELLA,Ethash,PoW,12756367.0,280000000.0,,,,
337,GBX,NeoScrypt,PoW,5832306.875,31800000.0,,,,
338,MAG,X11,PoW/PoS,38198594.8342105,144000000.0,,,,
339,TAU,DPoS,DPoS,288090567.493887,500000000.0,,,,
340,ECA,NIST5,PoW/PoS,28399150208.0,30000000000.0,,,,
341,BCD,X13,PoW/PoS,183534024.889807,210000000.0,,,,
342,XSH,Multiple,PoW,481730566.566176,660000000.0,,,,
343,CNBC,Scrypt,PoW/PoS,110976977.29338,210000000.0,,,,
344,XUN,CryptoNight,PoW,19281821413.4924,85000000000.0,,,,
345,COAL,CryptoNight,PoW,4500000.0,12500000.0,,,,
346,DAXX,Ethash,PoW,520891780.0,10000000000.0,,,,
347,BWK,NIST5,PoS,13247178.8807286,27716121.0,,,,
348,KLKS,Quark,PoS,16955764.902064,20000000.0,,,,
349,AC3,X11,PoW,80316207.0,550000000.0,,,,
350,LTHN,CryptoNight-V7,PoW,441250233.377,999481516.0,,,,
351,GER,Scrypt,PoW/PoS,4911500269.41,50000000000.0,,,,
352,LTCU,Scrypt,PoW/PoS,8419402.321,150000000.0,,,,
353,POP,Scrypt,PoW,3964201248.87125,4999999999.0,,,,
354,PNX,X11,PoW/PoS,45174214.1078625,50000000.0,,,,
355,PHO,BLAKE256,PoW,30089671530.5228,90000000000.0,,,,
356,SUCR,X11,PoW,4229040.50393462,19800000.0,,,,
357,SPK,NeoScrypt,PoW,7847417.33355824,21000000.0,,,,
358,WAGE,Quark,PoS,27299680.0,120000000.0,,,,
359,GUN,NeoScrypt,PoW,299797953.0,500000000.0,,,,
360,IRL,Scrypt,PoW,45483049.3398182,64000000.0,,,,
361,TROLL,Scrypt,PoW/PoS,591022748.0,900000000.0,,,,
362,LCP,Scrypt,PoW/PoS,2504486.227718,4000000.0,,,,
363,MONK,X11,PoS,4407252.0,21000000.0,,,,
364,PCOIN,X11,PoW,8478104.33969947,23000000.0,,,,
365,UBTC,SHA-256,PoW,20166000.0,20166000.0,,,,
366,ITZ,C11,PoW,11916588.09471,23000000.0,,,,
367,TPAY,POS 3.0,PoS,20445861.5344251,25000000.0,,,,
368,MCT,Ethash,PoS,1618033.0,1618033.0,,,,
369,MBC,Scrypt,PoW and PoS,9399342.52839847,30000000.0,,,,
370,TRTL,CryptoNight,PoW,53139835213.77,1000000000000.0,,,,
371,MUN,SkunkHash,PoW,4818338.98949984,16600000.0,,,,
372,USX,Scrypt,PoW/PoS,234846265.782157,232000000.0,,,,
373,NBR,CryptoNight,PoW,133932467.774108,336000000.0,,,,
374,SSS,Scrypt,PoW,10000000000.0,10000000000.0,,,,
375,TRF,Dagger,PoW,107325266.027783,100000000.0,,,,
376,KREDS,Lyra2REv2,PoW,643795911.540095,1100000000.0,,,,
377,TOKC,X13,PoS,230298925.0,800000000.0,,,,
378,BBP,Proof-of-BibleHash,POBh,1772091549.88818,5200000000.0,,,,
379,LCC,SHA-256 + Hive,PoW + Hive,638382332.208514,840000000.0,,,,
380,FLIP,Scrypt,PoW,12446100.00278,40000000.0,,,,
381,LOT,Scrypt,PoW,14491014421.0,18406979840.0,,,,
382,CIF,X11,PoW,211297638.500483,500000000.0,,,,
383,SPD,C11,PoW/PoS,11251342.1879021,19340594.0,,,,
384,POA,Proof-of-Authority,PoA,204479039.0,252460800.0,,,,
385,PUSHI,X11,PoW/PoS,2167827.1,25000000.0,,,,
386,ELP,XEVAN,PoW/PoS,419275.38,60000000.0,,,,
387,VLX,Scrypt,PoS,25570013.1348022,124000000.0,,,,
388,ONT,VBFT,PoS,650848625.0,1000000000.0,,,,
389,CLO,Ethash,PoW,247612453.0,6500000000.0,,,,
390,TUBE,CryptoNight,PoW,80049082.9057215,1000000000.0,,,,
391,PSD,Scrypt,PoW,4070212.1493016,21000000.0,,,,
392,ADK,IMesh,PoW,25000000.0,25000000.0,,,,
393,BSX,NIST5,PoW/PoS,13787854.6277781,50000000.0,,,,
394,BRIA,Scrypt,PoW/PoS,845637.81347436,3000000.0,,,,
395,IC,Scrypt,PoW/PoS,1182153.5,5000000.0,,,,
396,BTL,Equihash,PoW,71355477.0,70000000.0,,,,
397,MEDIC,Scrypt,PoS,267297676.3125,500000000.0,,,,
398,ALPS,Lyra2Z,PoW,27340501.6514783,300000000.0,,,,
399,BITG,Green Protocol,PoS,9803691.3618195,21000000.0,,,,
400,DEV,PoS,PoS,21876586.8530324,88000000.0,,,,
401,ABJ,Scrypt,PoW/PoS,9880502.37178894,30000000.0,,,,
402,SEM,Semux BFT consensus,DPoS,1231147.0,100000000.0,,,,
403,FTO,X11,PoW,31801461.1867843,100000000.0,,,,
404,CARE,Quark,PoW/PoS,139739596.506702,200000000.0,,,,
405,NZL,PoS,PoS,11075254.0929996,80000000.0,,,,
406,XMC,CryptoNight,PoW,16016864.0,18400000.0,,,,
407,PROTON,X16R,PoS,4403800.0,45000000.0,,,,
408,DEAL,Scrypt,PoW/PoS,1404157529.46026,5121951220.0,,,,
409,JUMP,NIST5,PoW,21069346.2522598,21000000.0,,,,
410,INFX,Lyra2RE,PoW,5097689.71077377,26280000.0,,,,
411,XBI,XEVAN,PoS/PoW,10904963.0923455,21000000.0,,,,
412,KEC,Tribus,PoW,795447.0,18000000.0,,,,
413,HWC,Scrypt,PoS,38706809.466535,26000000.0,,,,
414,GIN,Lyra2Z,PoW,6986399.70430446,10500000.0,,,,
415,PLTC,CryptoNight,PoW,84300.0,600000518.0,,,,
416,LOKI,CryptoNight Heavy,PoW,19153632.0,150000000.0,,,,
417,NCP,CryptoNight,PoW,41294520017.0,184000000000.0,,,,
418,SIC,Scrypt,PoW/PoS,10200000000.0,10200000000.0,,,,
419,XT3,Scrypt,PoS,7630000.0154,44000000.0,,,,
420,MGD,Jump Consistent Hash,PoW,135862416.039898,168000000.0,,,,
421,VIG,SHA-256D,PoW/PoS,33238183.7225834,100000000.0,,,,
422,PLURA,CryptoNight,PoW,560085952.404637,1000000000.0,,,,
423,EMAR,Scrypt,PoW/PoS,21599339.6728,84000000.0,,,,
424,DKD,X15,PoS,30284196.369129,90000000.0,,,,
425,LYNX,Scrypt,HPoW,77872059787.8998,92000000000.0,,,,
426,POSQ,Quark,PoS,2716264.95302831,650000000.0,,,,
427,BWS,SHA-256,PoS,57811001.000889,100262205.0,,,,
428,MUSE,DPoS,PoS,18194936.0,18081806.0,,,,
429,XMN,X16R,PoW,8125865.02097646,22075700.0,,,,
430,PLUS1,HMQ1725,PoW,8645406.16776286,21000000.0,,,,
431,AXE,X11,PoW,4993030.69736615,21000000.0,,,,
432,TRVC,X16R,PoW/PoS,36923120.6205934,82546564.0,,,,
433,DTEM,Quark,PoS,7082392.24744494,21000000.0,,,,
434,GIC,Quark,PoW/PoS,5919489.76813523,5151000.0,,,,
435,PNY,Scrypt,PoS,1042012.45227735,16880000000.0,,,,
436,ABS,Lyra2REv2,PoW/PoS,13332617.9413708,52500000.0,,,,
437,VITAE,Quark,PoS,66053877.6256106,100000000.0,,,,
438,HEX,Scrypt,PoW,1416663.06600024,22105263.0,,,,
439,TPC,Scrypt,PoW/PoS,5403802.49590733,1000000000.0,,,,
440,WEBC,CryptoNight-V7,PoW,15580199.3087496,1750000000.0,,,,
441,RYO,Cryptonight-GPU,PoW,4890897.0,88188888.0,,,,
442,URALS,XEVAN,PoW,14746153.0962884,210000000.0,,,,
443,QWC,CryptoNight Heavy,PoW,99553110528.8022,184470000000.0,,,,
444,ARE,X11,PoS,19269509.94,55000000.0,,,,
445,EUNO,X11,PoW/PoS,30771125.9760867,50000000.0,,,,
446,MMO,Scrypt,PoS,107763867.917675,260000000.0,,,,
447,KETAN,PoS,PoS,9327131.59708692,210000000.0,,,,
448,PPAI,SHA-256,PoW,2100000000.0,2100000000.0,,,,
449,XDNA,Keccak,PoW/PoS,4672513.84432375,366000000.0,,,,
450,PAXEX,X11,PoS,4504639.0,100000000.0,,,,
451,AZART,X11,PoW,5015881.37315389,25000000.0,,,,
452,TSC,Scrypt,PoW/PoS,1059954080.43439,18000000000.0,,,,
453,KCASH,SHA-512,Zero-Knowledge Proof,1000000000.0,1000000000.0,,,,
454,XCG,X16R,PoW,9753753.61515394,100000000.0,,,,
455,AAC,ECC 256K1,DPOS,1000000000.0,1000000000.0,,,,
456,CRYP,Equihash,PoW,4235111504.0,7600000000.0,,,,
457,BTXC,XEVAN,PoS,6787405.18013774,50000000.0,,,,
458,ACM,Lyra2Z,PoW,13634850.0,84000000.0,,,,
459,BSV,SHA-256,PoW,17992514.6469233,21000000.0,,,,
460,BITM,XEVAN,Pos,208515864.367343,70000000000.0,,,,
461,JMC,X11,PoS,17209923728.3266,0.0,,,,
462,FRED,CryptoNight,PoW,1867054873.28397,8080000000.0,,,,
463,HERB,Quark,PoW/PoS,35312185.7437239,54000000.0,,,,
464,UMO,Blake,PoW,1578281.31341127,105120001.44,,,,
465,LIT,Blake,PoW,15846721.2482747,25228800.0,,,,
466,PIRATE,Equihash,PoS,13475920.0,105000000.0,,,,
467,EXO,Exosis,PoW,406091.925,21000000.0,,,,
468,BLTG,Scrypt,PoW,35284717.173946,120000000.0,,,,
469,OWC,Scrypt,PoW/PoS,14777549.3940764,21000000.0,,,,
470,BEAM,Equihash,PoW,35687520.0,262800000.0,,,,
471,GALI,Quark,PoW/PoS,18265011.2486006,19035999.0,,,,
472,BTH,Equihash,PoW,25150787.5,30886000.0,,,,
473,CSPN,Quark,PoS,1934701.67524713,13370000.0,,,,
474,CREDIT,Scrypt,PoW/PoS,30825710000.0296,74800000000.0,,,,
475,SLC,QuBit,PoW,12925790.4226959,100000000.0,,,,
476,DASHP,X11,PoS,715659.44237941,19700000.0,,,,
477,NSD,Scrypt,PoW/PoS,20546528.2059957,84000000.0,,,,
478,BEET,XEVAN,PoW/PoS,198938144.363399,500000000.0,,,,
479,TTN,SHA-256D,PoW/PoS,896361168.0,5000000000.0,,,,
480,AWR,X11,PoW/PoS,15420234.5389336,420000000.0,,,,
481,BLAST,SHA-256,PoW,52293836.6277958,64000000.0,,,,
482,XRC,X13,PoW,1170292.5,2100000.0,,,,
483,GLT,SHA-256,PoW,84613099.9999955,168000000.0,,,,
484,INSN,X11,PoW/PoS,23775960.3207514,30000000.0,,,,
485,ALX,DPoS,DPoS,1000000000.0,1000000000.0,,,,
486,LDOGE,Scrypt,PoW/PoS,15318887081.0146,35000000000.0,,,,
487,SLR,Scrypt,PoW,55565076.3863525,98100000000.0,,,,
488,TRK,X11,PoW/PoS,242574105.22384,0.0,,,,
489,UFO,NeoScrypt,PoW,3824685012.0,4000000000.0,,,,
490,OC,Scrypt,PoW/PoS,3537150.0,200000000.0,,,,
491,BLC,Blake,PoW,23356790.1494191,7000000000.0,,,,
492,BITS,Scrypt,PoW/PoS,20576532.0,54256119.0,,,,
493,NEOS,SHA-256,PoS,4392258.24647793,21000000.0,,,,
494,HYPER,Scrypt,PoW/PoS,9631199.99309942,0.0,,,,
495,PINK,X11,PoW/PoS,436353624.490312,500000000.0,,,,
496,CESC,Scrypt,PoW,780210700.0,1000000000.0,,,,
497,ADC,Scrypt,PoW/PoS,980732528.97974,10500000000.0,,,,
498,NKA,SHA-256,PoW/PoS,17939725045.334,190000000.0,,,,
499,PIGGY,X11,PoW/PoS,494240666.028571,1000000000.0,,,,
500,CRW,SHA-256,PoW,22986929.0854247,42000000.0,,,,
501,GEN,Scrypt,PoW/PoS,60000000.0,15000000.0,,,,
502,SMLY,Scrypt,PoW,29583989322.9213,50000000000.0,,,,
503,MI,Scrypt,PoW/PoS,404316475.545465,400000000.0,,,,
504,GRS,Groestl,PoW,73298203.8873662,105000000.0,,,,
505,CPC,X11,PoW/PoS,201364327.427503,208000000.0,,,,
506,CLUB,Scrypt,PoW/PoS,103621876.167052,160000000.0,,,,
507,RADS,PoS,PoS,3821245.74150193,9000000.0,,,,
508,BTA,Scrypt,PoW,5052555.91981545,5000000.0,,,,
509,PAK,Scrypt,PoW,69684455.4387001,182000000.0,,,,
510,CRB,X11,Proof of Trust,16901016.6609755,16504333.0,,,,
511,OK,SHA-256,PoW/PoS,74676064.9488608,105000000.0,,,,
512,LSK,DPoS,DPoS,120012140.0,159918400.0,,,,
513,XHI,Scrypt,PoS,10000244677.7002,10008835635.0,,,,
514,XWC,Scrypt,PoW/PoS,252005564.19257,300000000.0,,,,
515,FSC,NeoScrypt,PoW/PoS,1120385.00502,60168145.0,,,,
516,J,Multiple,PoW,3332922.5,2800000.0,,,,
517,TRI,X13,PoW/PoS,140777.753365,120000.0,,,,
518,VOLLAR,Equihash+Scrypt,PoW,100000000.0,2100000000.0,,,,
519,EOS,DPoS,DPoS,1020544523.0722,0.0,,,,
520,RCC,Ethash,PoW,24487944.0958204,24487944.0,,,,
521,OXY,DPoS,DPoS,1122382283.37,0.0,,,,
522,TCH,SHA-256,PoS,1000000000.0,1000000000.0,,,,
523,WAVES,Leased POS,LPoS,100000000.0,100000000.0,,,,
524,PART,PoS,PoS,9283137.5558676,8634140.0,,,,
525,BTT,TRC10,DPoS,989988713439.649,990000000000.0,,,,
526,NXT,PoS,PoS/LPoS,1000000000.0,1000000000.0,,,,
527,ZEPH,SHA-256,DPoS,1999999995.3056,2000000000.0,,,,
528,GAP,Scrypt,PoW/PoS,14931046.1546605,250000000.0,,,,
529,BDX,CryptoNight,PoW,980222595.0,1400222610.0,,,,
530,ZEN,Equihash,PoW,7296537.5,21000000.0,,,,
531,XBC,Scrypt,PoS,128326.99633965,1000000.0,,,,
42,,,,,,-0.33784343267790873,1.0274995271310676,-0.5540021908539077,0.0
404,,,,,,-0.3212074371764541,1.0276828987306952,-0.5544209144185877,0.0
1337,,,,,,2.2956655041236957,1.6369853118203508,-0.6508492666580452,0.0
BTC,,,,,,-0.15295919748241177,-1.3054662417008929,0.14385925030574617,3.0
ETH,,,,,,-0.14377169947310162,-2.046854459026093,0.3888676198810437,3.0
LTC,,,,,,-0.16450471236924444,-1.129742452723199,0.014572756794962482,3.0
DASH,,,,,,-0.4001473369945505,1.2469978206689765,-0.5402945923801044,0.0
XMR,,,,,,-0.1366676218479913,-2.2180631647045845,0.4615471938725935,3.0
ETC,,,,,,-0.1422159556284491,-2.046952089326583,0.38884326020826104,3.0
ZEC,,,,,,-0.17677197638130288,-2.015235023397983,0.4890104134712718,3.0
BTS,,,,,,-0.22790750962809994,1.5704225109557128,-0.10814068387467725,0.0
DGB,,,,,,0.15765326944444055,-1.8208813525631455,0.3670258042674695,3.0
BTCD,,,,,,-0.3251302774364704,0.8517544719129558,-0.42474068542629895,0.0
XPY,,,,,,-0.27516269721735565,0.6389899617909364,-0.1021554792973933,0.0
PRC,,,,,,-0.16564920490203575,-1.1297361586318675,0.014599125453148799,3.0
KOBO,,,,,,-0.2577434247396981,1.9155948651563541,-0.6900015324985278,0.0
SPR,,,,,,-0.2281604353737503,-0.9102284253981489,0.02831043061429286,3.0
ARG,,,,,,-0.16526630394246714,-1.1297539665730156,0.014592327991448722,3.0
AUR,,,,,,-0.3375035395147833,1.027499048357275,-0.554010201125087,0.0
BLU,,,,,,-0.3300931343778712,1.0277624751573948,-0.554220150759825,0.0
XMY,,,,,,-0.09537190564826069,-1.8158570834565624,0.3723870455527687,3.0
MOON,,,,,,2.552339256363917,-1.3125471079258282,-0.026380239476963666,3.0
ZET,,,,,,-0.15004859003068255,-1.3054740671770462,0.14379113626971324,3.0
SXC,,,,,,-0.16252584729563507,-1.1297942125394806,0.014532434658893659,3.0
QTL,,,,,,-0.16507060331413778,-1.1297731119890542,0.014590148717284411,3.0
ENRG,,,,,,-0.3363424299558097,1.0275504523827153,-0.5540444032209235,0.0
QRK,,,,,,-0.2422236793537648,-0.36677859926540185,0.0231590501580517,3.0
RIC,,,,,,-0.21157723432297146,-1.1906450725309674,0.13221453908477884,3.0
DGC,,,,,,-0.1651193563570522,-1.1297376398922083,0.014586733248373054,3.0
BTB,,,,,,-0.33783937481070664,1.0274993067087133,-0.5540022588044605,0.0
CAT,,,,,,-0.16563149909067115,-1.129735557918522,0.014598627516584368,3.0
CBX,,,,,,-0.3378236806611369,1.027499481045873,-0.5540026539956948,0.0
CCN,,,,,,-0.1657178261263659,-1.1297328570419019,0.014600329451515119,3.0
CRYPT,,,,,,-0.22824963809642793,-0.9102300193182744,0.028312754555206276,3.0
CSC,,,,,,0.7031665495519636,0.27730941901482975,-0.5769984540914241,0.0
DMD,,,,,,-0.384680099599249,0.9666017721371956,-0.4363666370010781,0.0
XVG,,,,,,0.18135967358861596,-1.816893317763216,0.3659486469336719,3.0
DVC,,,,,,0.22431120137702387,-1.3076926460785177,0.13518663648650317,3.0
EAC,,,,,,0.08263280330477603,-1.1309669285648438,0.008861445996000812,3.0
EFL,,,,,,-0.16546451506361953,-1.1297298925733161,0.014593931462217111,3.0
EMC2,,,,,,-0.16107649062795137,-1.1297807034450194,0.014496272742576102,3.0
EMD,,,,,,-0.16540389262808508,-1.1297357145706657,0.014593242370999557,3.0
EXCL,,,,,,-0.3436134207514258,1.5018355979914806,-0.08810460289119162,0.0
FLT,,,,,,-0.25132354554957403,0.3713908829785846,-0.172950994702728,0.0
FRK,,,,,,-0.16577474073267057,-1.1297334241341725,0.01460175420868888,3.0
FTC,,,,,,-0.17356399045566395,-1.6403920447790914,0.24768159071129073,3.0
GDC,,,,,,-0.14502846386403687,-1.1300390211541076,0.014148458009451118,3.0
GLC,,,,,,-0.16457169302206126,-1.129734697690494,0.014573347666006148,3.0
GLD,,,,,,-0.16484869738279015,-1.1297457042323267,0.01458134517365239,3.0
HBN,,,,,,-0.3359052001148724,1.0274793363413746,-0.554045618101931,0.0
HYP,,,,,,-0.3300359838528183,1.034925690894622,-0.2182770393577286,0.0
IFC,,,,,,1.5804600801553457,-1.1353724085016688,-0.026141920796001555,3.0
IOC,,,,,,-0.4000422030357852,1.2470013875979766,-0.5402975490388618,0.0
IXC,,,,,,-0.15292062827793482,-1.3054649331454347,0.14385816563264878,3.0
KGC,,,,,,-0.162142173213771,-1.1297922406157492,0.014523068691358177,3.0
LKY,,,,,,-0.16549091580857497,-1.129730072032552,0.014594581580818833,3.0
LTB,,,,,,-0.1658451873134439,-1.129728733482958,0.014602822470215163,3.0
MAX,,,,,,-0.3259746299867256,1.9811449506265049,-0.6328061073210303,0.0
MEC,,,,,,-0.1651055673416061,-1.1297327556609977,0.014585776072148568,3.0
MED,,,,,,-0.15881462024471812,-2.231766642628317,0.38139455085108487,3.0
MINT,,,,,,-0.028216051980173795,0.8235378121802759,-0.23871846183639922,0.0
MINC,,,,,,-0.16572663240828756,-1.1297309067880137,0.014600287149604005,3.0
MZC,,,,,,-0.2884929765796378,0.8512804854084131,-0.425549661872753,0.0
NAUT,,,,,,-0.28762731224253035,0.8147250560487824,-0.2314216029852136,0.0
NAV,,,,,,-0.2844794126132407,1.774464475571052,-0.607299036968933,0.0
NOBL,,,,,,-0.030829197422636886,-1.1358907837282248,0.012190827860214323,3.0
NMC,,,,,,-0.1529981155348202,-1.3054675620918494,0.14386034478940724,3.0
NYAN,,,,,,-0.15940023685297183,-1.1297504823451987,0.014452567712914434,3.0
OPAL,,,,,,-0.28510061745920134,1.7744433996636244,-0.6072815669642785,0.0
ORB,,,,,,-0.3503968216526057,0.5169091838031943,-0.3208180153037932,0.0
POT,,,,,,-0.3321543880977772,1.0273917165386623,-0.5541233982580914,0.0
PXC,,,,,,-0.3362476390829321,1.0274834757804645,-0.5540380193274814,0.0
RDD,,,,,,0.01972009871304766,1.0396307523695434,-0.5640578699113593,0.0
RPC,,,,,,-0.16570609381914259,-1.1297380887287727,0.014600725327414488,3.0
SBC,,,,,,-0.16380319307659344,-1.1298375496473718,0.01456835716800324,3.0
SMC,,,,,,-0.16519361742111524,-1.1297423324881783,0.014589101846212519,3.0
SUPER,,,,,,-0.34989049864094623,1.0342520774828705,-0.21771867528828037,0.0
SYNC,,,,,,-0.4004132013740912,1.2470045573736999,-0.5402891470033001,0.0
SYS,,,,,,-0.1401696076285657,-1.305653313083586,0.14357963346553887,3.0
TES,,,,,,-0.2505051355441485,0.12883668679893076,0.12712372339097083,0.0
TGC,,,,,,-0.15246270550916965,-1.305468028088441,0.1438476896128506,3.0
TIT,,,,,,-0.3218932067566311,1.5344655869411223,-0.13930328800456346,0.0
TOR,,,,,,-0.40032497179304677,1.2470003889843317,-0.5402907049200594,0.0
TRC,,,,,,-0.15274945997352712,-1.3054741671132657,0.1438552911210548,3.0
UNB,,,,,,-0.1527324282211079,-1.3055008068142226,0.14385832119890685,3.0
UNO,,,,,,-0.15332228796232872,-1.305463698229279,0.14386754528757037,3.0
URO,,,,,,-0.22842327695378922,-0.9102230179236159,0.02831597557650252,3.0
USDE,,,,,,-0.3131135858045776,1.0271925463426705,-0.5545499129879088,0.0
UTC,,,,,,-0.33652284541666916,1.0274727062240518,-0.5540300950741754,0.0
VIA,,,,,,-0.16542303129210276,-1.1297299176363707,0.014592949510672207,3.0
VRC,,,,,,-0.2674196702478673,0.1981031415368711,-0.19933745312028664,0.0
VTC,,,,,,-0.2014692465346674,-1.1876606876291556,0.21633052262002686,3.0
WDC,,,,,,-0.16253053603276849,-1.1298054167827973,0.0145339905318741,3.0
XC,,,,,,-0.4002895104929935,1.2470048152268,-0.5402921177365957,0.0
XCR,,,,,,-0.25097223789852624,0.12889246431774853,0.12712762524261378,0.0
XJO,,,,,,-0.15252989570472408,-1.3054688666071672,0.14384939339522881,3.0
XST,,,,,,-0.2848818345119114,1.7744508224150304,-0.6072877197480705,0.0
ZCC,,,,,,-0.328959723399867,1.0270846777326954,-0.5541596817909419,0.0
BCN,,,,,,3.8508008239874467,-2.316387450918239,0.30278697797508347,3.0
XDN,,,,,,0.4549713223144687,-2.3066368351898556,0.3821761728462444,3.0
BURST,,,,,,0.1033477708409775,0.3897072513162436,-0.9786571951839553,0.0
SJCX,,,,,,-0.3387853558368837,1.486860872719233,0.044624749999063414,0.0
MONA,,,,,,-0.16429232988535822,-1.1297503743484254,0.014568734307473784,3.0
NTRN,,,,,,-0.32434320976904896,0.8517482275712194,-0.4247585721468445,0.0
FAIR,,,,,,-0.38410260117967504,0.9666245023764559,-0.4363832823248059,0.0
NLG,,,,,,-0.1489138830776363,-1.1303566322619207,0.014281679833461252,3.0
RBY,,,,,,-0.28760762269211176,0.814737313009612,-0.23142365082998928,0.0
PTC,,,,,,-0.1630131123090361,-1.129750855580614,0.014538416683227562,3.0
KORE,,,,,,-0.2851758683459806,1.7744322515773139,-0.6072783425768747,0.0
WBB,,,,,,-0.1658473916458325,-1.1297297236393942,0.01460300247732248,3.0
NOTE,,,,,,-0.2822696927842133,0.8145602898602434,-0.2315275964205195,0.0
FLO,,,,,,-0.16287837341232797,-1.1297417102509364,0.014534037745001378,3.0
8BIT,,,,,,-0.33782553015273425,1.027500134548496,-0.554002694326489,0.0
STV,,,,,,-0.28512813332654363,1.7744353036080287,-0.6072798697053909,0.0
ABY,,,,,,-0.14912292897700774,-1.1298766738512946,0.014224765114820131,3.0
FLDC,,,,,,-0.12830896195852634,-2.254777111625786,0.32036129121088575,3.0
U,,,,,,-0.350334601602991,1.0342226851701286,-0.21770433900757868,0.0
UIS,,,,,,-0.12932677269921616,-1.815576583737713,0.3731572634050533,3.0
CYP,,,,,,-0.19959021685942524,-1.4404013656380537,0.1066134100090766,3.0
OMC,,,,,,-0.16572067002923824,-1.1297259567118345,0.014599507356139178,3.0
VTR,,,,,,-0.3375603167702933,1.0274948075432127,-0.5540083059903659,0.0
GRE,,,,,,-0.03884899038650634,-1.132581619050039,0.011954648541336953,3.0
XCN,,,,,,-0.09946109137206921,-2.117937405365916,0.5510375093824147,3.0
MSC,,,,,,-0.16585627237335573,-1.1297285863337205,0.014603066753816394,3.0
SOON,,,,,,-0.1530258489504338,-1.3054685030164153,0.14386112473003856,3.0
1CR,,,,,,0.4853700686879295,-1.173528791301393,0.004784331241477793,3.0
ISL,,,,,,-0.40039476008047864,1.2470051837563467,-0.5402896657160111,0.0
NXS,,,,,,-0.1855854253519603,2.1184378499326897,-0.44184673618444553,0.0
MARS,,,,,,-0.22781139836163788,-0.9102258947216084,0.028301815191843143,3.0
CTO,,,,,,-0.1417618978351211,-2.2643447953072156,0.4823835167465417,3.0
ACP,,,,,,-0.15276608673198283,-1.3054831543310634,0.14385684467276622,3.0
DRZ,,,,,,-0.4357704062029683,1.8658145036269005,-0.7620716999760575,0.0
BSC,,,,,,-0.2280958585372827,-0.910226950720796,0.028308706878025926,3.0
SQL,,,,,,-0.2785577485561238,0.760044338173683,-0.1848157301450231,0.0
SONG,,,,,,-0.1639827939714486,-1.1298151649036718,0.014569736460916244,3.0
ZNY,,,,,,-0.16317627285741074,-1.1298162798318034,0.014550726431189065,3.0
DIGS,,,,,,-0.2860116215197384,0.8147198361691246,-0.2314593004500739,0.0
EXP,,,,,,-0.14483744347590174,-2.046902726248419,0.38889915275887116,3.0
CON,,,,,,-0.2846504953103127,1.7744228586088906,-0.6072896084669976,0.0
SC,,,,,,0.3537388258151333,-2.1584138856514645,0.32497435891803184,3.0
EMC,,,,,,-0.31769786050059234,0.8513061413364145,-0.42485939355008984,0.0
EGC,,,,,,-0.26018131359794494,1.915744005702988,-0.6899628641148623,0.0
MND,,,,,,-0.22813120481356333,-0.9102245686745016,0.028309239195272794,3.0
I0C,,,,,,-0.15292174884724008,-1.3054649711635131,0.14385819714616824,3.0
DCR,,,,,,-0.10175813907230062,0.9833393209579675,-0.5578482666111603,0.0
RVR,,,,,,-0.16182031237659228,-1.129741625478644,0.014508899313223392,3.0
HODL,,,,,,-0.16454464751673178,-2.144172076012082,0.40597587364886173,3.0
EDRC,,,,,,-0.3251012383282036,0.8517554571363675,-0.4247415020866325,0.0
HTC,,,,,,-0.07835198275191631,1.2389148106509005,-0.5468946791402548,0.0
GAME,,,,,,-0.16442181074651643,-1.1297396400810606,0.014570425371208484,3.0
DBIC,,,,,,-0.32516484354900066,0.8517615360609607,-0.4247407752830289,0.0
DIEM,,,,,,0.2649222833429822,-1.3067633886963501,0.13410237310014167,3.0
PWR,,,,,,-0.2377422678950857,1.5012973481138445,-0.5727882221101173,0.0
BLRY,,,,,,-0.3374363713956202,1.0274832551697624,-0.5540097601184594,0.0
GPU,,,,,,-0.2858807351412683,0.8146375727208943,-0.2314518028986837,0.0
ADZ,,,,,,-0.2272931816728693,-0.9102448417522201,0.028291951025272735,3.0
SOIL,,,,,,-0.144790282312659,-2.144312463342324,0.4052171844513219,3.0
YOC,,,,,,-0.16466874778658455,-1.1298084347484791,0.014585159231629332,3.0
SIB,,,,,,-0.1505303009583921,-2.190532797635257,0.40196567620014784,3.0
ERC,,,,,,-0.3975680773169202,1.2468260454882223,-0.5403336999272268,0.0
ZEIT,,,,,,0.8637888023621392,0.782892410449854,-0.2546620948853393,0.0
SWING,,,,,,-0.3249651942825271,0.8517471802449452,-0.42474366583746587,0.0
SAFEX,,,,,,-0.026467866403150225,0.2796666806917764,-0.5599745477748749,0.0
NEBU,,,,,,-0.34329718204589055,1.5018320021462057,-0.08811164952879474,0.0
FRN,,,,,,-0.16564649546071,-1.1297353504561949,0.014598956912506013,3.0
BOLI,,,,,,-0.22809449637544935,-0.910229769510851,0.028309037944781172,3.0
XRA,,,,,,-0.3982411491376275,1.247024531483139,-0.5403433054614901,0.0
REV,,,,,,-0.32371055078395944,0.8516588701233352,-0.4247620764052573,0.0
CKC,,,,,,-0.3213821918157421,0.8515213606191127,-0.42479964315137275,0.0
VIP,,,,,,-0.35890494450101446,1.4971221426940904,-0.5693724803849258,0.0
BSD,,,,,,-0.39913182996135343,1.2469484728620368,-0.5403123470518755,0.0
OMNI,,,,,,-0.16585633077878276,-1.129728586145028,0.014603068116537816,3.0
LIR,,,,,,-0.353360341417543,1.5889619043309484,-0.10139836525686977,0.0
PUT,,,,,,-0.3137687724161544,1.0268838170443064,-0.5544945498689616,0.0
IBANK,,,,,,-0.33747440484771507,1.027480293538504,-0.5540084750437672,0.0
FRWC,,,,,,-0.3359158616397336,1.0274932996466168,-0.5540471651428927,0.0
MUDRA,,,,,,-0.233904521998679,1.5615705153288004,-0.28471156410330367,0.0
PIZZA,,,,,,-0.22824422941906788,-0.9102348495738716,0.028313248853607587,3.0
LC,,,,,,-0.3378448356489145,1.0341901792952217,-0.21799676300275864,0.0
KMD,,,,,,-0.37322607064373703,-1.3181468038367865,0.8660043029106619,3.0
GB,,,,,,-0.39986945615765424,1.2469871934288292,-0.5402998215389083,0.0
CTC,,,,,,-0.33667986171236697,1.0274745415706226,-0.5540266027764011,0.0
KRB,,,,,,0.30011085028939605,-2.3047355094925552,0.3856087663109789,3.0
BXT,,,,,,-0.32514581394094133,0.8517546610498895,-0.42474034084029766,0.0
ZYD,,,,,,-0.1531814338266453,-1.305465713763903,0.14386446004997275,3.0
MST,,,,,,-0.40038396558735107,1.2470034012325975,-0.5402896922562265,0.0
ZNE,,,,,,-0.3376632890911189,1.0274905977019215,-0.5540053177792348,0.0
COVAL,,,,,,-0.10942951157327901,-1.8157610214779933,0.37270850954807455,3.0
ROOT,,,,,,-0.3378197725581677,1.0275003298891,-0.5540028562460303,0.0
DOPE,,,,,,-0.1630273127388635,-1.1297754134327143,0.014541920077572029,3.0
BTCR,,,,,,-0.2858705900263614,0.8147962461294982,-0.2314725010103318,0.0
DLC,,,,,,-0.15314012813464978,-1.3054649586383815,0.14386338174072882,3.0
SCN,,,,,,-0.21739278462544825,0.3451308882960604,-0.3396853642596147,0.0
SH,,,,,,-0.16552023182452164,-1.129738229162632,0.01459632946488242,3.0
BUZZ,,,,,,0.02314010009552473,1.9023917545268707,-0.7923772977612702,0.0
XPO,,,,,,-0.3422558809048239,1.501828653292954,-0.08813594725128404,0.0
PSB,,,,,,-0.337434552197713,1.0275133994404868,-0.554013689711889,0.0
HALLO,,,,,,-0.38656692764937967,1.2463999503125192,-0.5405400273005927,0.0
XZC,,,,,,-0.14260415399918525,-2.347426293939273,0.39626164120378304,3.0
CFC,,,,,,-0.34158564361042837,1.5018757453606877,-0.08815793587739601,0.0
ROYAL,,,,,,-0.23533304863480564,1.5616635085583594,-0.284689627824715,0.0
GNJ,,,,,,-0.43775410854588626,2.0172493666746196,-0.8131491796605205,0.0
TEAM,,,,,,-0.34133468275112233,1.501697318193731,-0.08814089189607903,0.0
LANA,,,,,,-0.2908928613518235,1.9006862536876405,-0.7846995605054065,0.0
ELE,,,,,,-0.14457999907314462,-2.046900652333243,0.38889277142417783,3.0
ZCL,,,,,,-0.17679355914316286,-2.015235755646442,0.489011020438446,3.0
ARK,,,,,,3.7591110108670374,1.8029564329144272,0.051328174907214086,0.0
INSANE,,,,,,-0.39997713458430234,1.2469978651962574,-0.5402986401952851,0.0
KLC,,,,,,-0.09268730363578852,-1.1344082166908172,0.013468731358212867,3.0
ATX,,,,,,-0.21484829810413245,-0.9101205788600006,0.027980381304731152,3.0
EMB,,,,,,0.8452121479910815,1.8121832361402954,-0.6389906074461138,0.0
XEN,,,,,,-0.40033894716653107,1.2470043173973029,-0.5402908794998916,0.0
FRE,,,,,,-0.3427189104915627,1.5018301339000852,-0.08812514182115669,0.0
PLNC,,,,,,-0.3373621789672187,1.0274882505601046,-0.554012166124461,0.0
ARCO,,,,,,-0.3375162519195806,1.0274805450258555,-0.5540075136563877,0.0
KURT,,,,,,-0.2260755970051748,-0.9103066723588207,0.028271006647534312,3.0
XCRE,,,,,,-0.34329718204589055,1.5018320021462057,-0.08811164952879474,0.0
ENT,,,,,,-0.3999144730959661,1.2469785036062113,-0.5402976321013241,0.0
EUC,,,,,,-0.32500870971577517,0.8517600289002675,-0.4247442889353253,0.0
BCF,,,,,,-0.3373629200999394,1.0274921934469365,-0.5540126568654716,0.0
XSN,,,,,,-0.35786170213744334,0.758529156866217,-0.23075009146625716,0.0
BCCOIN,,,,,,-0.337510078699308,1.0274907819842365,-0.5540089800753227,0.0
MONEY,,,,,,-0.33310450657986673,1.0271942710447413,-0.5540753783222799,0.0
XNG,,,,,,-0.4003678928967515,1.2470025140359122,-0.5402899595776384,0.0
XCI,,,,,,0.30010523546604967,-2.304743578752375,0.385609939995347,3.0
RC,,,,,,-0.33672192032414633,1.027434437064208,-0.554020433415372,0.0
PND,,,,,,0.3546437339297469,0.8132384273553468,-0.24648299627254616,0.0
UNITS,,,,,,-0.33770905068042206,1.027494775136586,-0.5540047695853696,0.0
GAKH,,,,,,-0.33777951927219774,1.0274993206433505,-0.5540036820881715,0.0
ASAFE2,,,,,,-0.3689744565239521,1.5776834087583007,-0.2227484361826455,0.0
LTCR,,,,,,-0.3707163373417716,0.716799051250079,-0.462008725298934,0.0
OS76,,,,,,-0.1658380952521317,-1.1297294700387461,0.014602749004888825,3.0
BIC,,,,,,0.3002357485406686,-2.3047420157789915,0.3856066389799278,3.0
HXX,,,,,,-0.14230154765597744,-2.2643231452492176,0.4823935414293028,3.0
KED,,,,,,-0.334011793929035,1.0272713993669398,-0.5540637753596518,0.0
IOP,,,,,,-0.3251222657065908,0.851755459981853,-0.4247410030820147,0.0
KUSH,,,,,,-0.40027798466701076,1.247002445836807,-0.5402920859824603,0.0
PRX,,,,,,-0.33755766993656744,1.0274948973435787,-0.5540083804266777,0.0
PAC,,,,,,0.48597812461078144,-0.957610306273819,0.01745938825604482,3.0
IMPCH,,,,,,-0.33768441588899595,1.027489212422295,-0.5540046374476746,0.0
CTL,,,,,,-0.13543407866711146,-2.218153820177998,0.46152958678606987,3.0
ZBC,,,,,,-0.2875142194989604,0.8147010881280372,-0.23142119868730787,0.0
FRST,,,,,,-0.30982627041694233,0.4760434591653622,-0.4986270183923572,0.0
BVC,,,,,,-0.16580643197399514,-1.129728858277316,0.014601918173190167,3.0
FIND,,,,,,-0.23510126337307932,1.5616627597200117,-0.28469503586267453,0.0
VLTC,,,,,,-0.22098872324766994,-0.9106870335311161,0.02819923892070059,3.0
ZER,,,,,,-0.17680591879144317,-2.015233309973255,0.48901099865153685,3.0
CHAT,,,,,,-0.31856771500990005,1.0274372522630335,-0.5544519339137608,0.0
CDN,,,,,,-0.16394255136622893,-1.1297348400428813,0.014558424765180381,3.0
ZOI,,,,,,-0.14202036219799577,-2.2643214841024353,0.48238664949373083,3.0
RNS,,,,,,-0.2872557920225997,0.8147245917669198,-0.23143036622412397,0.0
DBIX,,,,,,-0.14172242137824617,-2.2138311624311653,0.27321018436753985,3.0
XVP,,,,,,-0.39954480952962973,1.2469623953073983,-0.5403043343216767,0.0
TAJ,,,,,,-0.42235276682867645,1.9091678773844025,-0.6959666535712055,0.0
IMX,,,,,,-0.39828520490200725,1.2469979679909884,-0.5403388344639897,0.0
EB3,,,,,,-0.13677176917035572,-1.1316063838418746,0.014154447111176457,3.0
ATMOS,,,,,,-0.34154646049465937,1.5018267293539544,-0.08815254696931092,0.0
HPC,,,,,,-0.39944285957104064,1.2469658542113389,-0.5403072014375121,0.0
CXT,,,,,,-0.1881196201842549,-0.6601164002960908,-0.0007373361759914022,3.0
MCRN,,,,,,-0.3359550721207971,1.5018089258925984,-0.08828303946057112,0.0
RAIN,,,,,,-0.39538993018166635,1.2468168593671356,-0.5403842436096421,0.0
IMS,,,,,,-0.3376277948094004,1.0274916500011038,-0.554006296388941,0.0
ARGUS,,,,,,-0.33762697749149545,1.0274863861535115,-0.5540056371506114,0.0
LMC,,,,,,-0.3307586696782198,1.027023644040709,-0.5541090904279488,0.0
PROC,,,,,,0.2567287697298948,0.6033258063750873,-0.1101891257221856,0.0
XGR,,,,,,-0.3999206359376969,1.2469926195403807,-0.5402993056577428,0.0
BENJI,,,,,,-0.16536946757470447,-1.1297370681064611,0.014592599329460287,3.0
GRW,,,,,,-0.27018207981922376,0.8138960151764619,-0.2317290182030862,0.0
ILC,,,,,,-0.11955720859879977,-1.3061085834955881,0.1431488135218695,3.0
PHR,,,,,,-0.3433314092648517,1.5018236783914432,-0.08810976352806929,0.0
DEA,,,,,,-0.3368396596521263,1.0274583762633243,-0.5540207236602795,0.0
HTML5,,,,,,0.8724676039800724,1.8897281443629583,-0.7135075973582163,0.0
USC,,,,,,-0.273855003691455,0.6388999711146437,-0.10217493306303851,0.0
EQT,,,,,,-0.16519177409092092,-1.1297571679733884,0.014590970754192075,3.0
QTUM,,,,,,-0.352140586805832,1.588955656812216,-0.10142652729092078,0.0
QRL,,,,,,-0.13529212928157228,-2.2180917040996513,0.46151820728477205,3.0
ESP,,,,,,0.5341250559383399,1.8945128137285219,-0.8457721228140993,0.0
DYN,,,,,,-0.14395886954481715,-2.3726085431544552,0.34564736665680706,3.0
NANO,,,,,,-0.04592887607818504,-2.1722173264001063,0.336245547031553,3.0
CHAN,,,,,,-0.13156772555569102,-2.185113132498325,0.6298431869680085,3.0
DCY,,,,,,0.3361721505714931,-2.304937380753828,0.38477838627272576,3.0
DNR,,,,,,-0.3604382081600064,1.4971274230357612,-0.569336748245234,0.0
DP,,,,,,-0.22730154410252448,-0.9102565854873103,0.02829366369811608,3.0
VUC,,,,,,-0.35894272571008895,1.497099373337659,-0.5693686475634979,0.0
BTPL,,,,,,-0.4434650950885935,1.9025397874587948,-0.7396264747595307,0.0
UNIFY,,,,,,-0.16551058769795685,-1.1297302214570863,0.014595068026040275,3.0
BRIT,,,,,,-0.2848137124332253,1.7744316460889877,-0.6072868652210676,0.0
SOCC,,,,,,-0.16527428173411177,-1.1297621160023656,0.01459356812904456,3.0
ARC,,,,,,-0.22769564255753566,-0.9102413062023966,0.028301053095366537,3.0
DAS,,,,,,-0.22827222432417318,-0.9102314302378599,0.028313472851895533,3.0
LINDA,,,,,,0.1264113345053707,1.0074379563799218,-0.5624411420336753,0.0
XLC,,,,,,0.3004996331983075,-2.304753834125245,0.38560189577616666,3.0
ONION,,,,,,-0.2848843834615399,1.7744372000862663,-0.6072859029372519,0.0
BTX,,,,,,-0.15725530020414813,-2.2505606051936438,0.43423712631606454,3.0
GCN,,,,,,3.2386565411881407,-1.1574718815122125,-0.06267261490486581,3.0
SMART,,,,,,-0.14231338012671865,-1.130614957791998,0.053202424953930606,3.0
SIGT,,,,,,-0.3306957188879167,1.3931676655786986,-0.12854599041575637,0.0
ONX,,,,,,-0.21915762889061763,-0.9106965342551433,0.028156977827674245,3.0
CRM,,,,,,-0.4429707797412365,1.9025565583268402,-0.7396403762792548,0.0
BCH,,,,,,-0.15295836302532456,-1.3054662133898625,0.14385922683849203,3.0
XMCC,,,,,,-0.4001926160557557,1.2470052323970835,-0.5402944726311799,0.0
DFT,,,,,,-0.2875883456592088,0.8147255000402567,-0.23142258563045784,0.0
VET,,,,,,4.36799237967349,2.9510295491242498,4.914711867781091,0.0
SOJ,,,,,,-0.09153630960782308,-1.1347272919725584,0.013482534027028455,3.0
STCN,,,,,,-0.34319786266900304,1.5018055757767677,-0.08811060117351978,0.0
NYC,,,,,,1.5783917448104072,-1.070550224141582,-0.034450086504762625,3.0
FRAZ,,,,,,-0.16560827923475357,-1.129734053876418,0.014597882166148771,3.0
KRONE,,,,,,-0.16506072106320754,-1.129761316690276,0.014588393302847466,3.0
ACC,,,,,,-0.16476215281320322,-1.1297626470446067,0.014581474232978663,3.0
LINX,,,,,,-0.16474910446744942,-1.129762204347276,0.014581107277275619,3.0
XCXT,,,,,,-0.33726354833603045,1.027484640616122,-0.5540140430502436,0.0
ETHD,,,,,,-0.337762475469887,1.027499265579225,-0.5540040797559492,0.0
SUMO,,,,,,0.3006829904965749,-2.304772602483927,0.3855999610265904,3.0
ODN,,,,,,-0.2858819800768793,1.5709690394371933,-0.10683433140539618,0.0
ADA,,,,,,0.6479362941233091,1.5723020776025451,-0.04772302300884003,0.0
REC,,,,,,-0.4001335189420189,1.2469947082245594,-0.5402945192639386,0.0
BTCZ,,,,,,0.035206883370282084,-2.0230693511512507,0.4849862565600229,3.0
TZC,,,,,,-0.34540367385549464,0.5167947884557561,-0.32092184716296707,0.0
ELM,,,,,,-0.18272953069808393,-0.9099619969580488,0.02719715912898767,3.0
TER,,,,,,-0.3377181488849436,1.0274925087045332,-0.5540042613127064,0.0
VIVO,,,,,,-0.1782456335274407,-1.640329559456339,0.2477847173278915,3.0
RUP,,,,,,-0.3242963859171343,0.7568112442848239,-0.029671424202112686,0.0
BTG,,,,,,-0.17665220979784452,-2.0152309600210754,0.4890070453024874,3.0
WOMEN,,,,,,0.43018596189845587,1.0356505400081721,-0.5732927185904048,0.0
MAY,,,,,,-0.32347111335856193,0.8517548955560766,-0.42478014292251853,0.0
NAMO,,,,,,-0.34522825562831866,1.4967911192958325,-0.5696546054094882,0.0
LUX,,,,,,-0.4073399536301485,1.7476375858279358,-0.4610984484812051,0.0
PIRL,,,,,,-0.14355120640863786,-2.1443608919819597,0.40519400181980086,3.0
XIOS,,,,,,-0.33766856165766823,1.027490418817089,-0.5540051695000274,0.0
BTDX,,,,,,-0.4173228389847384,1.7903771520764722,-0.5453629723398233,0.0
EBST,,,,,,-0.1639407633614435,-1.1297347793804062,0.01455837448152265,3.0
KEK,,,,,,-0.3450116710492606,1.3924027504490424,-0.05739716328379169,0.0
BLHC,,,,,,-0.3375391773999731,1.0274992576520383,-0.5540093817576625,0.0
XIN,,,,,,-0.10191602209470466,0.638430475224909,-0.1061977183218601,0.0
PURA,,,,,,-0.22382335257632938,-0.9103176420534976,0.028218933205329786,3.0
INN,,,,,,-0.17809127070683073,-1.640337214838114,0.24778203840225682,3.0
ELLA,,,,,,-0.1429475132994401,-2.0470270468091747,0.3888702976949048,3.0
GBX,,,,,,-0.17819133150500094,-1.640331155131927,0.24778363345371754,3.0
MAG,,,,,,-0.3989279847148188,1.2469518075591348,-0.5403176180278975,0.0
TAU,,,,,,3.7639596197503695,1.802852339740387,0.05122644742821329,0.0
ECA,,,,,,0.19818603087670336,1.494599755770731,-0.5822774269993871,0.0
BCD,,,,,,-0.2815603864671637,1.7744130979869865,-0.6073617359243296,0.0
XSH,,,,,,-0.11957335067481574,-1.8157184006106175,0.3729439169004501,3.0
CNBC,,,,,,-0.33500332168267255,1.0274454721858424,-0.5540626705000828,0.0
XUN,,,,,,1.1368126035112074,-2.337222526246528,0.3699266756985524,3.0
COAL,,,,,,0.30008802306392673,-2.304738074590486,0.3856096391350036,3.0
DAXX,,,,,,-0.06794513208925024,-2.0514443674924676,0.3876586026391999,3.0
BWK,,,,,,-0.3102978635720044,1.2843492807922778,-0.24675388749449656,0.0
KLKS,,,,,,-0.36886053866465923,1.5776836924468607,-0.22275117815091164,0.0
AC3,,,,,,-0.2235651156234174,-0.9104521309654241,0.0282301395917388,3.0
LTHN,,,,,,-0.12442047742918884,-2.2183635299307194,0.4612950659281167,3.0
GER,,,,,,0.07599566069913448,1.0057274802287401,-0.5610233133387496,0.0
LTCU,,,,,,-0.33667894179711294,1.0274315977096662,-0.5540210880290642,0.0
POP,,,,,,-0.08212331334274754,-1.1304685513033104,0.012709924467842072,3.0
PNX,,,,,,-0.39950829725204207,1.2469994466359808,-0.540309978329865,0.0
PHO,,,,,,1.074027205874799,-1.2042795839703986,-0.009163669927816922,3.0
SUCR,,,,,,-0.228246263173495,-0.9102311940678256,0.028312825861542313,3.0
SPK,,,,,,-0.17824320268059715,-1.6403251794767257,0.2477840949039398,3.0
WAGE,,,,,,-0.3680265068536986,1.5776403639153769,-0.22276539907742268,0.0
GUN,,,,,,-0.1712915857963873,-1.640432413038145,0.2476328287399789,3.0
IRL,,,,,,-0.1648604195065307,-1.129740195941872,0.01458091339442638,3.0
TROLL,,,,,,-0.32426389883632256,1.027315620288429,-0.5543009757758594,0.0
LCP,,,,,,-0.3377845714746167,1.0274986591679733,-0.5540034768236864,0.0
MONK,,,,,,-0.3503065752306693,1.0342229197827848,-0.21770503484333437,0.0
PCOIN,,,,,,-0.228171785386957,-0.9102309592289242,0.028311026839065598,3.0
UBTC,,,,,,-0.15293779402163887,-1.3054649181821598,0.1438585713664226,3.0
ITZ,,,,,,-0.20265357738305972,-1.1112785232321587,0.1646333753965717,3.0
TPAY,,,,,,-0.35364181276077317,1.5889584428561137,-0.10139123442223931,0.0
MCT,,,,,,-0.2671249210274777,-0.10244450973748967,0.14288615798286639,0.0
MBC,,,,,,-0.3020908819472426,0.14919829533442322,-0.23773740803630286,0.0
TRTL,,,,,,8.026759332555677,-2.758833918359861,0.2606566711495804,3.0
MUN,,,,,,-0.1568463691061358,-2.3431791253968624,0.5045345160022588,3.0
USX,,,,,,-0.3333367507455396,1.0274862571915357,-0.5541075075411249,0.0
NBR,,,,,,0.3039566659774625,-2.3048385285921964,0.38553071532229855,3.0
SSS,,,,,,0.02688897151904092,-1.1303512964622886,0.01010591457233673,3.0
TRF,,,,,,-0.14305527194674816,-2.144303736417194,0.40517485519788876,3.0
KREDS,,,,,,-0.1870490782593176,-1.187899159042114,0.21601880858947006,3.0
TOKC,,,,,,-0.22690933985609096,1.561378093432391,-0.28485288186381563,0.0
BBP,,,,,,-0.12256226676956083,2.8320482805907057,11.142604525328592,1.0
LCC,,,,,,-0.6493612925561152,4.656110849738639,9.022705917268489,1.0
FLIP,,,,,,-0.1654332609017766,-1.1297424409713404,0.014594807037432862,3.0
LOT,,,,,,0.1411763096366798,-1.1324953257828714,0.007668168428165746,3.0
CIF,,,,,,-0.22232146139999345,-0.9103741243673077,0.028190547401160993,3.0
SPD,,,,,,-0.3746628153635864,1.0459510185751146,-0.4039715420474893,0.0
POA,,,,,,-0.46404104414587793,3.2324167952433136,14.194452337449393,1.0
PUSHI,,,,,,-0.400209815074165,1.2469935521923687,-0.5402925582921778,0.0
ELP,,,,,,-0.23109785250760925,1.3581044445327506,-0.38012299168057456,0.0
VLX,,,,,,-0.28674956006204605,0.8146776097544295,-0.23143633132267777,0.0
ONT,,,,,,-0.32208858549955527,1.6190837924989399,-0.05757262415167566,0.0
CLO,,,,,,-0.09605366306710529,-2.049891139610785,0.38812588984473984,3.0
TUBE,,,,,,0.307999681213597,-2.3051769501124615,0.38547833068247117,3.0
PSD,,,,,,-0.16566991669185094,-1.1297368613304501,0.014599707926171612,3.0
ADK,,,,,,-0.15960227483049808,-2.209414195343605,0.21442267183421757,3.0
BSX,,,,,,-0.36003776892051104,1.4971123588776092,-0.5693443159629453,0.0
BRIA,,,,,,-0.3378118832022502,1.0274984488014016,-0.5540028010857238,0.0
IC,,,,,,-0.3377936213719553,1.027497635876683,-0.5540031299718204,0.0
BTL,,,,,,-0.17564484676355646,-2.0152318790524073,0.48898324029561013,3.0
MEDIC,,,,,,-0.2811396167492986,0.8145986304785632,-0.23155937729556814,0.0
ALPS,,,,,,-0.14039087502740796,-2.3475507505694684,0.3962251245911324,3.0
BITG,,,,,,-0.37608418311343966,1.6528554715687873,-0.13144053322892219,0.0
DEV,,,,,,-0.34279294397699717,1.5018004045862015,-0.08811955073603049,0.0
ABJ,,,,,,-0.3375105605159913,1.0274893331350379,-0.5540087818380364,0.0
SEM,,,,,,3.963460638697716,1.7270871539055423,-0.16412222192684212,0.0
FTO,,,,,,-0.22734225193604304,-0.9102579666010225,0.028294808515394367,3.0
CARE,,,,,,-0.4159930181082155,1.7904222695314798,-0.5454003705942847,0.0
NZL,,,,,,-0.3429813177295088,1.5017997435512869,-0.0881149918922631,0.0
XMC,,,,,,0.30027025899194115,-2.304736117668917,0.38560505898227154,3.0
PROTON,,,,,,-0.31953112083711427,0.7274827105335153,-0.09083989947769731,0.0
DEAL,,,,,,-0.2844602711260504,1.0256420790050376,-0.5550304939679864,0.0
JUMP,,,,,,-0.1881790172424203,-0.6600988962104631,-0.0007381823144905059,3.0
INFX,,,,,,-0.14214701364349733,-2.2643295628715565,0.48239069885832286,3.0
XBI,,,,,,-0.10939456698036812,0.8711669957620019,-0.024648896764982255,0.0
KEC,,,,,,-0.17562470344522063,-2.1847597900884783,0.36775689884957297,3.0
HWC,,,,,,-0.28728303905607927,0.8147297027795625,-0.2314303780884113,0.0
GIN,,,,,,-0.14268840869092703,-2.347421345349654,0.39626300413400845,3.0
PLTC,,,,,,0.30419288405645434,-2.305019604995886,0.38554845098083224,3.0
LOKI,,,,,,0.5693492058352352,-2.207785889703342,0.2605229594107679,3.0
NCP,,,,,,2.1060905223267588,-2.3752462485679198,0.35180990957643143,3.0
SIC,,,,,,-0.1412311050160466,1.0268643234530717,-0.5585895702381894,0.0
XT3,,,,,,-0.2875346685789949,0.8147082731056134,-0.23142163938236304,0.0
MGD,,,,,,-0.17908763832208763,-2.2358374867041197,0.3574163378237818,3.0
VIG,,,,,,-0.3561112437715473,1.9037781154233504,-0.7835493354908638,0.0
PLURA,,,,,,0.313854716446397,-2.3049783035929585,0.38531367083889134,3.0
EMAR,,,,,,-0.33698537730878403,1.0274684737071886,-0.5540185648915482,0.0
DKD,,,,,,-0.20962180330442126,1.702947147249974,-0.3673875449642373,0.0
LYNX,,,,,,2.2608285904540173,0.27300341913318504,-0.32192887586971913,0.0
POSQ,,,,,,-0.3645746594749212,1.5773778632260012,-0.22281353248275512,0.0
BWS,,,,,,-0.2739826418269118,0.6389671382985357,-0.10218056144991314,0.0
MUSE,,,,,,1.039120535274834,1.650958684107554,0.003358642752256531,0.0
XMN,,,,,,-0.1975770159479873,-1.2169594466016636,0.1551789419668027,3.0
PLUS1,,,,,,-0.14046643976042694,-2.244873496215166,0.3008103861463284,3.0
AXE,,,,,,-0.22822845034612615,-0.9102314492251252,0.028312435727748497,3.0
TRVC,,,,,,-0.3687729415145671,0.9402517554542187,-0.41344292605795124,0.0
DTEM,,,,,,-0.36897388605085835,1.577679130605873,-0.2227478981641417,0.0
GIC,,,,,,-0.4190044999203193,1.7904596584071424,-0.5453336724305482,0.0
PNY,,,,,,-0.16843861391462198,0.8066900956476335,-0.23321625365021503,0.0
ABS,,,,,,-0.37412899470299277,0.9695667248732083,-0.35225867157338103,0.0
VITAE,,,,,,-0.3676953931493863,1.5776659227887115,-0.2227765577865536,0.0
HEX,,,,,,-0.16569445838434899,-1.1297384856138708,0.01460050017068915,3.0
TPC,,,,,,-0.3306988577383197,1.0270256733083756,-0.554110772505729,0.0
WEBC,,,,,,-0.12429972834150423,-2.218896992976608,0.461360975731124,3.0
RYO,,,,,,-0.13264182077681286,-2.1613378712878855,0.44311339935730193,3.0
URALS,,,,,,-0.057886086794979086,-0.799189115178057,0.18846162096752492,3.0
QWC,,,,,,3.0881097577088967,-2.254350141300761,0.20670919914470057,3.0
ARE,,,,,,-0.3498846248603676,1.0342128829499664,-0.21771376157554698,0.0
EUNO,,,,,,-0.3996839724841563,1.2469934864201953,-0.5403050378546861,0.0
MMO,,,,,,-0.28478433876452003,0.8146468745750493,-0.2314790400668452,0.0
KETAN,,,,,,-0.342082413185835,1.5017371284516785,-0.08812826691114292,0.0
PPAI,,,,,,-0.1128474993575132,-1.305594439575479,0.1429231804199896,3.0
XDNA,,,,,,-0.37436785218069435,1.0278938882247377,-0.5141414362969274,0.0
PAXEX,,,,,,-0.3497461728389184,1.0341853489729564,-0.21771349976728455,0.0
AZART,,,,,,-0.22819985697408732,-0.9102333441291721,0.028312000977282502,3.0
TSC,,,,,,-0.19749914209610278,1.019368532159477,-0.5562868765146324,0.0
KCASH,,,,,,-0.19772365544405504,1.7382880587333251,-0.0897967041091827,0.0
XCG,,,,,,-0.19700556046712192,-1.2169958719367628,0.1551700668652598,3.0
AAC,,,,,,-0.17971240033194322,2.3138860914761192,19.21170714931733,1.0
CRYP,,,,,,-0.07155694343303284,-2.0170938115153145,0.486751347066554,3.0
BTXC,,,,,,-0.1811867266225164,1.1453383771837236,-0.05753624407090167,0.0
ACM,,,,,,-0.14208703529073,-2.3474535867353703,0.3962528791015955,3.0
BSV,,,,,,-0.15295840053126297,-1.3054662146623435,0.14385922789326322,3.0
BITM,,,,,,0.7938219190298046,0.7546512884005385,0.18111567977366044,0.0
JMC,,,,,,-0.14059862749382782,1.0413528207082636,-0.2236045436725371,0.0
FRED,,,,,,0.3799128360998096,-2.307808177283009,0.3841097260583712,3.0
HERB,,,,,,-0.41830020992356953,1.790448565029009,-0.545348968126207,0.0
UMO,,,,,,-0.13497068351402594,-2.1461541396817596,0.42809445474739505,3.0
LIT,,,,,,-0.13536217366715653,-2.146110199783298,0.4280980870935389,3.0
PIRATE,,,,,,-0.2981740336249009,-0.07081788222682657,0.2429816868665179,0.0
EXO,,,,,,-0.14306528474858157,-2.214768878980586,0.3813891327043458,3.0
BLTG,,,,,,-0.16458840385062742,-1.129771077206052,0.014578434802481803,3.0
OWC,,,,,,-0.3375145389605067,1.027495644417192,-0.554009501045819,0.0
BEAM,,,,,,-0.17471512406593956,-2.01533842914477,0.4889748977647699,3.0
GALI,,,,,,-0.4187556336777318,1.790458156661536,-0.5453393890488758,0.0
BTH,,,,,,-0.17648528273310912,-2.015232377467713,0.4890032637592028,3.0
CSPN,,,,,,-0.36909068292270525,1.5776806329803346,-0.22274531809380319,0.0
CREDIT,,,,,,0.5676235542980971,1.004644140281069,-0.5725591323348497,0.0
SLC,,,,,,-0.19880233149753151,-1.440446259801704,0.1066004868488093,3.0
DASHP,,,,,,-0.350360804046336,1.034222011062932,-0.21770362982522656,0.0
NSD,,,,,,-0.33699821850624884,1.0274680380378745,-0.5540182037614301,0.0
BEET,,,,,,-0.22556189457804668,1.3579771150440683,-0.38023804698668157,0.0
TTN,,,,,,-0.31089822693344904,1.9018024477705655,-0.784368367234166,0.0
AWR,,,,,,-0.3972521019690149,1.2468109806888623,-0.5403392616603732,0.0
BLAST,,,,,,-0.15223564287525124,-1.3054724921263559,0.1438428727178597,3.0
XRC,,,,,,-0.11328112089360798,-0.3827914626629977,-0.03867145746614521,3.0
GLT,,,,,,-0.1511052619112817,-1.3055086312862416,0.14382068700506534,3.0
INSN,,,,,,-0.3999108661974154,1.2470001135148219,-0.540300503846277,0.0
ALX,,,,,,3.776182149609947,1.8029088936344002,0.05092888777627002,0.0
LDOGE,,,,,,0.0967551320202191,1.0171755643620592,-0.5629922817747861,0.0
SLR,,,,,,0.5292265811660618,-1.1764099831392436,0.004114260524409136,3.0
TRK,,,,,,-0.39745453354356364,1.2471049381975907,-0.540372353047924,0.0
UFO,,,,,,-0.10352302234232458,-1.6406400764438605,0.24605019133000483,3.0
OC,,,,,,-0.3363845576242493,1.0274057728597608,-0.5540247497475888,0.0
BLC,,,,,,-0.08589850220922554,-2.149427710827519,0.4273511070507907,3.0
BITS,,,,,,-0.33720839952618403,1.0274822112182203,-0.5540150395457085,0.0
NEOS,,,,,,-0.2751952636926548,0.638982768757785,-0.10215377851683732,0.0
HYPER,,,,,,-0.337725961228846,1.0275035126699577,-0.554005494481019,0.0
PINK,,,,,,-0.3915516617976469,1.246947082094257,-0.5404921863711452,0.0
CESC,,,,,,-0.14927327656306752,-1.1298817747641838,0.014228993306285617,3.0
ADC,,,,,,-0.2515554011934467,1.0229064240869037,-0.5554592416939377,0.0
NKA,,,,,,-0.10514500130723076,0.8590976850920872,-0.4309117683120439,0.0
PIGGY,,,,,,-0.3873062778313707,1.2467329916276013,-0.5405654065370279,0.0
CRW,,,,,,-0.15274883142174292,-1.3054741457880954,0.14385527344443375,3.0
GEN,,,,,,-0.3370054303165577,1.0275172146914673,-0.5540243726558987,0.0
SMLY,,,,,,0.5489025423664273,-1.1412907453983723,-0.0008808108115672093,3.0
MI,,,,,,-0.330080497814613,1.027476403408311,-0.5541835686823454,0.0
GRS,,,,,,-0.21113890698883034,-1.1906452424694125,0.13220415131966987,3.0
CPC,,,,,,-0.39648480901669975,1.2469888582479272,-0.5403804169180386,0.0
CLUB,,,,,,-0.33544696550649816,1.027466233033741,-0.5540548111858475,0.0
RADS,,,,,,-0.3435723804903184,1.5018305441229165,-0.08810492596457103,0.0
BTA,,,,,,-0.16577119363714907,-1.1297288373817267,0.014601078616897136,3.0
PAK,,,,,,-0.16372995116559502,-1.1297863596539273,0.014560018035194201,3.0
CRB,,,,,,-0.3645235416661033,0.6484775325246859,-0.3355636525779158,0.0
OK,,,,,,-0.32364764059981493,0.851745325177832,-0.4247747167683185,0.0
LSK,,,,,,3.759502234414112,1.8029446957932096,0.05132039710695491,0.0
XHI,,,,,,-0.09511647974192025,0.8140992096435714,-0.23591278386814882,0.0
XWC,,,,,,-0.3326461086308183,1.0274609838487998,-0.554120650947564,0.0
FSC,,,,,,-0.3500232146941599,0.5168814641028334,-0.32082331415901444,0.0
J,,,,,,-0.13006049101158831,-1.8156034824454823,0.3731781561628752,3.0
TRI,,,,,,-0.2852829139276036,1.774437128855915,-0.6072764292003198,0.0
VOLLAR,,,,,,-0.13818413709532154,-2.23059528520189,0.284067738283192,3.0
EOS,,,,,,3.769354066968047,1.8033934852694238,0.05102856878225862,0.0
RCC,,,,,,-0.1446131069496544,-2.0469005453701965,0.38889354390060876,3.0
OXY,,,,,,3.7705961875476515,1.8034356272754286,0.050993636903590635,0.0
TCH,,,,,,-0.2561217697934763,0.6389286741942315,-0.10259977369535238,0.0
WAVES,,,,,,-0.4591270973958546,3.415982966878149,13.849346522891377,1.0
PART,,,,,,-0.343508351305794,1.5018329785186741,-0.08810676042781761,0.0
BTT,,,,,,34.03048664904652,1.7135305110057681,-0.8676753806724108,2.0
NXT,,,,,,-0.3035498271085878,1.340194499776939,-0.02245546859887274,0.0
ZEPH,,,,,,2.4812897641390297,0.790877804491914,-0.05503769964211532,0.0
GAP,,,,,,-0.33589165240261976,1.0273866833263512,-0.5540339944290734,0.0
BDX,,,,,,0.3218121873200152,-2.304994986676241,0.3851268426783303,3.0
ZEN,,,,,,-0.17677303165509903,-2.0152350592007506,0.4890104431484996,3.0
XBC,,,,,,-0.2879305494910143,0.8147256406698417,-0.23141447688836894,0.0
